date,observed,trend,seasonal,resid
2021-01-01,0.5315423956726273,,0.001977381125423956,
2021-01-02,0.5379440299024137,,0.0022520660564250236,
2021-01-03,0.5443456641322001,,0.0025253144309656888,
2021-01-04,0.5507472983619865,,0.0022427833860008675,
2021-01-05,0.5571489325917729,,0.0019588157845756467,
2021-01-06,0.5635505668215594,,0.001582535550850893,
2021-01-07,0.5699522010513457,,0.0012048187606658292,
2021-01-08,0.5763538352811322,,0.0009010166223757746,
2021-01-09,0.5827554695109185,,0.001042245518860572,
2021-01-10,0.589157103740705,,0.0006871261118034946,
2021-01-11,0.5955587379704914,,0.0003312446342404277,
2021-01-12,0.6019603722002778,,1.2689953574643401e-05,
2021-01-13,0.6083620064300642,,-0.00030769837229965716,
2021-01-14,0.6147636406598506,,-0.0005905568550709969,
2021-01-15,0.621165274889637,,-0.0008752489830508647,
2021-01-16,0.6275669091194234,,-0.00097921191467102,
2021-01-17,0.6339685433492098,,-0.0010850084914996794,
2021-01-18,0.6377689317200084,,-0.001325726679799326,
2021-01-19,0.6415693200908068,,-0.0015682785133074968,
2021-01-20,0.6453697084616054,,-0.001452612209149054,
2021-01-21,0.6491700968324039,,-0.0013387795501990877,
2021-01-22,0.6529704852032023,,-0.0013465411563680033,
2021-01-23,0.6567708735740009,,-0.0013550876823151684,
2021-01-24,0.6605712619447993,0.6503926116143766,-0.0008588650522543809,0.011037515382677138
2021-01-25,0.6643716503155979,0.6546344474127909,-0.0011505387989656144,0.01088774170177261
2021-01-26,0.6681720386863964,0.6587897302965134,-0.0013772833511390779,0.010759591741022043
2021-01-27,0.6719724270571948,0.6628298566884232,-0.0015980114903915315,0.010740581859163172
2021-01-28,0.6757728154279934,0.6667262230113981,-0.0015712861703004134,0.010617878586895748
2021-01-29,0.6795732037987918,0.6704788292654384,-0.0015385444372882262,0.010632918970641603
2021-01-30,0.6833735921695904,0.674087675450544,-0.0012529182142518832,0.01053883493329821
2021-01-31,0.6871739805403889,0.6775527615667152,-0.000961275578294471,0.01058249455196821
2021-02-01,0.6909743689111874,0.6808740876139515,-0.00069621803741394,0.010796499334649776
2021-02-02,0.6947747572819859,0.6840516535922533,-0.0004251440836123177,0.011148247773344933
2021-02-03,0.6971949574359579,0.6870854595016204,-5.487647696104582e-05,0.01016437441129862
2021-02-04,0.6996151575899299,0.689975505342053,0.00032140754261125433,0.00931824470526563
2021-02-05,0.7020353577439019,0.6927217911135508,0.0004141657921284947,0.008899400838222606
2021-02-06,0.704455557897874,0.6953243168161141,0.0005129404545667338,0.008618300627193156
2021-02-07,0.7068757580518459,0.6977830824497425,0.00029021865661899644,0.008802456945484365
2021-02-08,0.7092959582058179,0.7000980880144364,7.167174766898397e-05,0.009126198443712534
2021-02-09,0.7117161583597899,0.7022693335101957,0.00013209633186978987,0.009314728517724347
2021-02-10,0.7141363585137619,0.7043250933485311,0.00019296932037764022,0.009618295844853146
2021-02-11,0.7165565586677339,0.7062936419409532,0.00038931645988332176,0.00987360026689738
2021-02-12,0.7189767588217059,0.7082245433313232,0.0005842270429285968,0.010167988447454037
2021-02-13,0.7213969589756779,0.7101673615635018,0.0009929368430819732,0.010236660569094133
2021-02-14,0.72381715912965,0.7121220966374889,0.00140021008677501,0.010294852405386003
2021-02-15,0.7262373592836219,0.7140887485532847,0.0016895138843296435,0.010459096846007484
2021-02-16,0.7286575594375939,0.7160673173108891,0.001977381125423956,0.01061286100128083
2021-02-17,0.7310777595915658,0.7180578029103022,0.0022520660564250236,0.010767890624838633
2021-02-18,0.7334979597455379,0.7200602053515237,0.0025253144309656888,0.01091243996304849
2021-02-19,0.7332866308043309,0.7220745246345537,0.0022427833860008675,0.008969322783776323
2021-02-20,0.7330753018631238,0.7241007607593926,0.0019588157845756467,0.007015725319155546
2021-02-21,0.7328639729219167,0.7261389137260399,0.001582535550850893,0.005142523645025955
2021-02-22,0.7326526439807097,0.7281889835344959,0.0012048187606658292,0.003258841685547995
2021-02-23,0.7324413150395026,0.7302509701847604,0.0009010166223757746,0.0012893282323664574
2021-02-24,0.7322299860982956,0.7323248736768337,0.001042245518860572,-0.0011371330973987217
2021-02-25,0.7320186571570885,0.7344106940107156,0.0006871261118034946,-0.0030791629654305943
2021-02-26,0.7318073282158815,0.736523433232241,0.0003312446342404277,-0.005047349650599979
2021-02-27,0.7315959992746744,0.7386780933872452,1.2689953574643401e-05,-0.007094784066145413
2021-02-28,0.7313846703334673,0.7408203094404318,-0.00030769837229965716,-0.009127940734664776
2021-03-01,0.7311733413922603,0.7428957163565044,-0.0005905568550709969,-0.011131818109173111
2021-03-02,0.7309620124510532,0.7449043141354632,-0.0008752489830508647,-0.013067052701359154
2021-03-03,0.7307506835098462,0.7468461027773077,-0.00097921191467102,-0.015116207352790477
2021-03-04,0.7305393545686392,0.7487210822820383,-0.0010850084914996794,-0.01709671922189942
2021-03-05,0.730328025627432,0.7505292526496549,-0.001325726679799326,-0.018875500342423496
2021-03-06,0.730116696686225,0.7522706138801573,-0.0015682785133074968,-0.02058563868062473
2021-03-07,0.7344652597802198,0.7539451659735458,-0.001452612209149054,-0.018027293984176903
2021-03-08,0.7388138228742145,0.7555529089298201,-0.0013387795501990877,-0.015400306505406502
2021-03-09,0.7431623859682093,0.7570938427489806,-0.0013465411563680033,-0.012584915624403342
2021-03-10,0.7475109490622039,0.7585679674310268,-0.0013550876823151684,-0.009701930686507723
2021-03-11,0.7518595121561987,0.759975282975959,-0.0008588650522543809,-0.0072569057675058455
2021-03-12,0.7562080752501934,0.7613157893837771,-0.0011505387989656144,-0.0039571753346180705
2021-03-13,0.7605566383441882,0.7625894866544812,-0.0013772833511390779,-0.0006555649591539672
2021-03-14,0.764905201438183,0.763824978365193,-0.0015980114903915315,0.00267823456338147
2021-03-15,0.7692537645321776,0.7650508680930335,-0.0015712861703004134,0.00577418260944459
2021-03-16,0.7736023276261724,0.7662661032390086,-0.0015385444372882262,0.008874768824452085
2021-03-17,0.7779508907201671,0.7674696312041238,-0.0012529182142518832,0.011734177730295167
2021-03-18,0.7822994538141619,0.7686614519883792,-0.000961275578294471,0.014599277404077146
2021-03-19,0.7866480169081566,0.7698415655917745,-0.00069621803741394,0.01750266935379597
2021-03-20,0.7909965800021513,0.7710099720143101,-0.0004251440836123177,0.02041175207145356
2021-03-21,0.795345143096146,0.7721666712559858,-5.487647696104582e-05,0.023233348317121243
2021-03-22,0.7996937061901408,0.7733116633168017,0.00032140754261125433,0.026060635330727864
2021-03-23,0.7990406860368667,0.7744449481967575,0.0004141657921284947,0.02418157204798077
2021-03-24,0.7983876658835927,0.7755665258958534,0.0005129404545667338,0.022308199533172535
2021-03-25,0.7977346457303186,0.7766763964140896,0.00029021865661899644,0.02076803065961002
2021-03-26,0.7970816255770445,0.7777745597514659,7.167174766898397e-05,0.019235394077909633
2021-03-27,0.7964286054237705,0.7788610159079822,0.00013209633186978987,0.017435493183918505
2021-03-28,0.7957755852704964,0.7799357648836385,0.00019296932037764022,0.0156468510664803
2021-03-29,0.7951225651172223,0.7809988066784351,0.00038931645988332176,0.013734441978903894
2021-03-30,0.7944695449639483,0.7820005772485108,0.0005842270429285968,0.011884740672508888
2021-03-31,0.7938165248106742,0.7828915125500049,0.0009929368430819732,0.009932075417587357
2021-04-01,0.7931635046574002,0.7836725925658948,0.00140021008677501,0.008090702004730312
2021-04-02,0.7925104845041261,0.7843447972791578,0.0016895138843296435,0.0064761733406386
2021-04-03,0.791857464350852,0.7849081266897939,0.001977381125423956,0.004971956535634141
2021-04-04,0.791204444197578,0.785362580797803,0.0022520660564250236,0.00358979734334997
2021-04-05,0.7905514240443039,0.7857081596031853,0.0025253144309656888,0.002317950010152911
2021-04-06,0.7898984038910298,0.7859448631059409,0.0022427833860008675,0.0017107573990880484
2021-04-07,0.7892453837377558,0.7860726913060693,0.0019588157845756467,0.0012138766471108502
2021-04-08,0.7884955244769939,0.786091644203571,0.001582535550850893,0.0008213447225719718
2021-04-09,0.787745665216232,0.7860017217984456,0.0012048187606658292,0.0005391246571205574
2021-04-10,0.7869958059554701,0.7858029240906936,0.0009010166223757746,0.0002918652424007325
2021-04-11,0.7862459466947083,0.7854952510803146,0.001042245518860572,-0.00029154990446690144
2021-04-12,0.7854960874339463,0.7850787027673088,0.0006871261118034946,-0.000269741445166062
2021-04-13,0.7847462281731844,0.7845532791516762,0.0003312446342404277,-0.00013829561273219027
2021-04-14,0.7839963689124225,0.7839189802334162,1.2689953574643401e-05,6.469872543166379e-05
2021-04-15,0.7832465096516606,0.7832301710478262,-0.00030769837229965716,0.0003240369761340887
2021-04-16,0.7824966503908988,0.7825412166302019,-0.0005905568550709969,0.0005459906157678404
2021-04-17,0.7817467911301369,0.7818133750110858,-0.0008752489830508647,0.0008086651021019308
2021-04-18,0.780996931869375,0.7810079042210203,-0.00097921191467102,0.0009682395630257535
2021-04-19,0.780247072608613,0.7801248042600051,-0.0010850084914996794,0.0012072768401076362
2021-04-20,0.7794972133478512,0.7791640751280402,-0.001325726679799326,0.0016588648996102837
2021-04-21,0.7787473540870893,0.7781257168251258,-0.0015682785133074968,0.002189915775271011
2021-04-22,0.7779974948263274,0.7770097293512614,-0.001452612209149054,0.002440377684215014
2021-04-23,0.7772476355655655,0.7758161127064479,-0.0013387795501990877,0.0027703024093167165
2021-04-24,0.7765879347387236,0.7745448668906845,-0.0013465411563680033,0.0033896090044070962
2021-04-25,0.7759282339118817,0.7731959919039714,-0.0013550876823151684,0.004087329690225503
2021-04-26,0.7752685330850397,0.7717694877463089,-0.0008588650522543809,0.00435791039098518
2021-04-27,0.7746088322581979,0.7702653544176967,-0.0011505387989656144,0.005494016639466768
2021-04-28,0.7739491314313559,0.768683591918135,-0.0013772833511390779,0.006642822864360029
2021-04-29,0.7732894306045139,0.7670242002476236,-0.0015980114903915315,0.007863241847281837
2021-04-30,0.7726297297776721,0.7652871794061628,-0.0015712861703004134,0.00891383654180974
2021-05-01,0.7719700289508301,0.7634735819927465,-0.0015385444372882262,0.010034991395371829
2021-05-02,0.7713103281239881,0.7615844606063696,-0.0012529182142518832,0.010978785731870385
2021-05-03,0.7706506272971463,0.7596223557795528,-0.000961275578294471,0.011989547095887917
2021-05-04,0.7699909264703043,0.7575898080448177,-0.00069621803741394,0.013097336462900575
2021-05-05,0.7693312256434623,0.7554868174021636,-0.0004251440836123177,0.01426955232491105
2021-05-06,0.7686715248166205,0.7533133838515912,-5.487647696104582e-05,0.015413017441990345
2021-05-07,0.7680118239897785,0.7510695073930999,0.00032140754261125433,0.01662090905406741
2021-05-08,0.7673521231629367,0.7487551880266899,0.0004141657921284947,0.01818276934411822
2021-05-09,0.7666924223360947,0.7463704257523616,0.0005129404545667338,0.01980905612916639
2021-05-10,0.7624684603191386,0.7439152205701142,0.00029021865661899644,0.018263021092405456
2021-05-11,0.7582444983021825,0.7413895724799483,7.167174766898397e-05,0.01678325407456526
2021-05-12,0.7540205362852264,0.7387934814818637,0.00013209633186978987,0.015094958471492826
2021-05-13,0.7497965742682703,0.7361269475758606,0.00019296932037764022,0.013476657372032035
2021-05-14,0.7455726122513142,0.7333899707619385,0.00038931645988332176,0.011793325029492435
2021-05-15,0.741348650234358,0.7305825510400981,0.0005842270429285968,0.010181872151331374
2021-05-16,0.737124688217402,0.727704688410339,0.0009929368430819732,0.00842706296398101
2021-05-17,0.7329007262004459,0.7247554028896839,0.00140021008677501,0.006745113223987
2021-05-18,0.7286767641834898,0.7217337144951551,0.0016895138843296435,0.005253535804005058
2021-05-19,0.7244528021665337,0.7186309835786003,0.001977381125423956,0.003844437462509447
2021-05-20,0.7202288401495776,0.7154385704918669,0.0022520660564250236,0.002538203601285654
2021-05-21,0.7160048781326215,0.7121564752349551,0.0025253144309656888,0.0013230884667007254
2021-05-22,0.7117809161156654,0.7087846978078647,0.0022427833860008675,0.0007534349217998568
2021-05-23,0.7075569540987092,0.7053232382105955,0.0019588157845756467,0.000274900103538072
2021-05-24,0.7033329920817531,0.7017720964431478,0.001582535550850893,-2.163991224549567e-05
2021-05-25,0.6991090300647971,0.6981312725055214,0.0012048187606658292,-0.0002270612013901799
2021-05-26,0.6951187970397769,0.6944007663977165,0.0009010166223757746,-0.0001829859803154447
2021-05-27,0.6911285640147565,0.690580578119733,0.001042245518860572,-0.0004942596238369881
2021-05-28,0.6871383309897363,0.6866707076715709,0.0006871261118034946,-0.00021950279363808353
2021-05-29,0.6831480979647161,0.6826711550532302,0.0003312446342404277,0.00014569827724549478
2021-05-30,0.6791578649396958,0.6785819202647106,1.2689953574643401e-05,0.0005632547214104749
2021-05-31,0.6751676319146755,0.6744030033060128,-0.00030769837229965716,0.0010723269809624334
2021-06-01,0.6711773988896553,0.6701344041771363,-0.0005905568550709969,0.0016335515675900045
2021-06-02,0.6671871658646351,0.6658148648475389,-0.0008752489830508647,0.0022475500001470426
2021-06-03,0.6631969328396148,0.6614831272866786,-0.00097921191467102,0.0026930174676072297
2021-06-04,0.6592066998145946,0.6571664409767974,-0.0010850084914996794,0.003125267329296806
2021-06-05,0.6552164667895743,0.652892055400138,-0.001325726679799326,0.003650138069235724
2021-06-06,0.651226233764554,0.6486599705567001,-0.0015682785133074968,0.00413454172116141
2021-06-07,0.6472360007395338,0.6444701864464842,-0.001452612209149054,0.004218426502198616
2021-06-08,0.6432457677145136,0.6403227030694898,-0.0013387795501990877,0.004261844195222875
2021-06-09,0.6392555346894933,0.6362175204257171,-0.0013465411563680033,0.004384555420144149
2021-06-10,0.635265301664473,0.6321546385151661,-0.0013550876823151684,0.004465750831622138
2021-06-11,0.6304802210094154,0.6281340573378369,-0.0008588650522543809,0.0032050287238328526
2021-06-12,0.6256951403543578,0.6241557768937293,-0.0011505387989656144,0.0026899022595941657
2021-06-13,0.6209100596993001,0.6202197971828434,-0.0013772833511390779,0.002067545867595841
2021-06-14,0.6161249790442425,0.6163261182051792,-0.0015980114903915315,0.0013968723294547508
2021-06-15,0.6113398983891849,0.6124747399607368,-0.0015712861703004134,0.00043644459874855445
2021-06-16,0.6065548177341272,0.6086656624495159,-0.0015385444372882262,-0.0005723002781004671
2021-06-17,0.6017697370790696,0.6048988856715166,-0.0012529182142518832,-0.0018762303781951787
2021-06-18,0.596984656424012,0.6011718690942185,-0.000961275578294471,-0.003225937091912026
2021-06-19,0.5921995757689543,0.5974820721850995,-0.00069621803741394,-0.004586278378731259
2021-06-20,0.5874144951138967,0.5937947447053358,-0.0004251440836123177,-0.005955105507826807
2021-06-21,0.582629414458839,0.5900751364161027,-5.487647696104582e-05,-0.007390845480302628
2021-06-22,0.5778443338037814,0.5863232473174,0.00032140754261125433,-0.008800321056229878
2021-06-23,0.5730592531487237,0.582539077409228,0.0004141657921284947,-0.009893990052632693
2021-06-24,0.5682741724936661,0.5787226266915865,0.0005129404545667338,-0.010961394652487131
2021-06-25,0.5634890918386085,0.5748738951644756,0.00029021865661899644,-0.011675021982486107
2021-06-26,0.5587040111835508,0.5709928828278954,7.167174766898397e-05,-0.012360543392013541
2021-06-27,0.5564258828947928,0.5670795896818457,0.00013209633186978987,-0.010785803118922698
2021-06-28,0.5541477546060347,0.5631340157263265,0.00019296932037764022,-0.009179230440669412
2021-06-29,0.5518696263172767,0.5591561609613379,0.00038931645988332176,-0.007675851103944581
2021-06-30,0.5495914980285186,0.55514602538688,0.0005842270429285968,-0.006138754401289969
2021-07-01,0.5473133697397604,0.5511036090029526,0.0009929368430819732,-0.004783176106274192
2021-07-02,0.5450352414510024,0.5470289118095557,0.00140021008677501,-0.0033938804453283664
2021-07-03,0.5427571131622443,0.5429219338066894,0.0016895138843296435,-0.0018543345287747618
2021-07-04,0.5404789848734862,0.5387913146425062,0.001977381125423956,-0.0002897108944439129
2021-07-05,0.5382008565847282,0.5346456939651587,0.0022520660564250236,0.0013030965631444283
2021-07-06,0.5359227282959701,0.5305058945666022,0.0025253144309656888,0.002891519298402165
2021-07-07,0.533644600007212,0.5263927392387922,0.0022427833860008675,0.005009077382419015
2021-07-08,0.5313664717184539,0.5223062279817283,0.0019588157845756467,0.007101427952149891
2021-07-09,0.5290883434296958,0.518246360795411,0.001582535550850893,0.009259447083433927
2021-07-10,0.5268102151409377,0.5142131376798399,0.0012048187606658292,0.01139225870043201
2021-07-11,0.5245320868521797,0.5102065586350154,0.0009010166223757746,0.013424511594788488
2021-07-12,0.5222539585634216,0.506226623660937,0.001042245518860572,0.014985089383624075
2021-07-13,0.5167788083028076,0.502273332757605,0.0006871261118034946,0.013818349433399156
2021-07-14,0.5113036580421936,0.4983466859250195,0.0003312446342404277,0.012625727482933632
2021-07-15,0.5058285077815796,0.49444668316318025,1.2689953574643401e-05,0.01136913466482473
2021-07-16,0.5003533575209657,0.49057332447208735,-0.00030769837229965716,0.010087731421177968
2021-07-17,0.4948782072603516,0.4867266098517408,-0.0005905568550709969,0.008742154263681764
2021-07-18,0.48940305699973763,0.4829065393021406,-0.0008752489830508647,0.00737176668064788
2021-07-19,0.4839279067391236,0.4791131128232868,-0.00097921191467102,0.005794005830507855
2021-07-20,0.4784527564785096,0.47531908093293684,-0.0010850084914996794,0.004218684037072436
2021-07-21,0.47297760621789564,0.4714971941488484,-0.001325726679799326,0.0028061387488465804
2021-07-22,0.4675024559572816,0.4676506423068218,-0.0015682785133074968,0.0014200921637673276
2021-07-23,0.4620273056966676,0.4637826152426569,-0.001452612209149054,-0.000302697336840238
2021-07-24,0.45655215543605365,0.45989311295635366,-0.0013387795501990877,-0.0020021779701009153
2021-07-25,0.45107700517543964,0.45598213544791233,-0.0013465411563680033,-0.0035585891161046875
2021-07-26,0.4456018549148256,0.45204968271733265,-0.0013550876823151684,-0.005092740120191854
2021-07-27,0.44012670465421166,0.44809575476461483,-0.0008588650522543809,-0.007110185058148783
2021-07-28,0.43465155439359765,0.44412035158975866,-0.0011505387989656144,-0.008318258397195391
2021-07-29,0.43109210099287204,0.44012347319276424,-0.0013772833511390779,-0.007654088848753118
2021-07-30,0.4275326475921464,0.4361051195736316,-0.0015980114903915315,-0.006974460491093721
2021-07-31,0.42397319419142077,0.43206529073236066,-0.0015712861703004134,-0.006520810370639484
2021-08-01,0.4204137407906951,0.4280039866689517,-0.0015385444372882262,-0.006051701440968348
2021-08-02,0.4168542873899695,0.4239212073834042,-0.0012529182142518832,-0.005814001779182845
2021-08-03,0.4132948339892438,0.41981695287571863,-0.000961275578294471,-0.005560843308180333
2021-08-04,0.4097353805885182,0.41569122314589474,-0.00069621803741394,-0.005259624519962583
2021-08-05,0.4061759271877926,0.4115787684327572,-0.0004251440836123177,-0.0049776971613522784
2021-08-06,0.40261647378706694,0.4075143389751304,-5.487647696104582e-05,-0.004842988711102409
2021-08-07,0.39905702038634133,0.403521662756162,0.00032140754261125433,-0.004786049912431947
2021-08-08,0.39549756698561567,0.39962446775899974,0.0004141657921284947,-0.004541066565512563
2021-08-09,0.39193811358489006,0.39582275398364325,0.0005129404545667338,-0.004397580853319926
2021-08-10,0.3883786601841644,0.39211652143009285,0.00029021865661899644,-0.0040280799025474495
2021-08-11,0.3848192067834388,0.3885057700983484,7.167174766898397e-05,-0.003758235062578614
2021-08-12,0.3812597533827131,0.3849904999884099,0.00013209633186978987,-0.0038628429375665674
2021-08-13,0.3777002999819875,0.38157071110027746,0.00019296932037764022,-0.004063380438667592
2021-08-14,0.37443431147487016,0.378246403433951,0.00038931645988332176,-0.0042014084189641535
2021-08-15,0.3711683229677528,0.3750175769894305,0.0005842270429285968,-0.004433481064606281
2021-08-16,0.36790233446063547,0.37188423176671603,0.0009929368430819732,-0.004974834149162535
2021-08-17,0.3646363459535182,0.36884636776580754,0.00140021008677501,-0.005610231899064365
2021-08-18,0.36137035744640084,0.36590398498670496,0.0016895138843296435,-0.006223141424633763
2021-08-19,0.3581043689392835,0.3630570834294084,0.001977381125423956,-0.006930095615548866
2021-08-20,0.35483838043216614,0.3603056630939178,0.0022520660564250236,-0.007719348718176694
2021-08-21,0.3515723919250488,0.3576289011882779,0.0025253144309656888,-0.008581823694194782
2021-08-22,0.34830640341793145,0.3550059749205334,0.0022427833860008675,-0.008942354888602788
2021-08-23,0.3450404149108141,0.3524334117697429,0.0019588157845756467,-0.009351812643504449
2021-08-24,0.34177442640369676,0.34990773921496493,0.001582535550850893,-0.00971584836211906
2021-08-25,0.3385084378965795,0.34742895725619966,0.0012048187606658292,-0.010125338120286011
2021-08-26,0.3352424493894621,0.34499706589344686,0.0009010166223757746,-0.010655633126360512
2021-08-27,0.3319764608823448,0.34261206512670667,0.001042245518860572,-0.011677849763222456
2021-08-28,0.32871047237522744,0.34027395495597906,0.0006871261118034946,-0.012250608692555122
2021-08-29,0.3254444838681101,0.33798273538126417,0.0003312446342404277,-0.012869496147394502
2021-08-30,0.32436146981057146,0.33573840640256186,1.2689953574643401e-05,-0.011389626545565048
2021-08-31,0.3232784557530329,0.33354096801987215,-0.00030769837229965716,-0.009954813894539618
2021-09-01,0.32219544169549424,0.3313904202331949,-0.0005905568550709969,-0.008604421682629685
2021-09-02,0.3211124276379556,0.3292867630425304,-0.0008752489830508647,-0.00729908642152393
2021-09-03,0.32002941358041703,0.3272299964478785,-0.00097921191467102,-0.006221370952790427
2021-09-04,0.3189463995228784,0.32522012044923915,-0.0010850084914996794,-0.005188712434861069
2021-09-05,0.31786338546533977,0.32325713504661246,-0.001325726679799326,-0.004068022901473374
2021-09-06,0.31678037140780113,0.32133785040419827,-0.0015682785133074968,-0.0029892004830896386
2021-09-07,0.31569735735026255,0.3194590766861965,-0.001452612209149054,-0.0023091071267848902
2021-09-08,0.3146143432927239,0.3176442422259754,-0.0013387795501990877,-0.0016911193830524193
2021-09-09,0.3135313292351853,0.3159167753569033,-0.0013465411563680033,-0.0010389049653500345
2021-09-10,0.3124483151776467,0.3142766760789802,-0.0013550876823151684,-0.0004732732190183128
2021-09-11,0.3113653011201081,0.312723944392206,-0.0008588650522543809,-0.0004997782198435671
2021-09-12,0.31028228706256944,0.311258580296581,-0.0011505387989656144,0.00017424556495406504
2021-09-13,0.30919927300503086,0.3098805837921049,-0.0013772833511390779,0.0006959725640650147
2021-09-14,0.3081162589474922,0.30858995487877783,-0.0015980114903915315,0.0011243155591059311
2021-09-15,0.3067137729633462,0.30738669355659975,-0.0015712861703004134,0.0008983655770468347
2021-09-16,0.30531128697920007,0.30627079982557065,-0.0015385444372882262,0.0005790315909176458
2021-09-17,0.303908800995054,0.3052422736856907,-0.0012529182142518832,-8.055447638477802e-05
2021-09-18,0.30250631501090797,0.3043011151369595,-0.000961275578294471,-0.0008335245477570723
2021-09-19,0.30110382902676186,0.3034473241793774,-0.00069621803741394,-0.00164727711520162
2021-09-20,0.2997013430426158,0.3026809008129444,-0.0004251440836123177,-0.0025544136867162825
2021-09-21,0.2982988570584697,0.3020018450376603,-5.487647696104582e-05,-0.0036481115022295625
2021-09-22,0.29689637107432365,0.30138642887037775,0.00032140754261125433,-0.004811465338665358
2021-09-23,0.2954938850901776,0.30081092432794887,0.0004141657921284947,-0.0057312050298997655
2021-09-24,0.2940913991060315,0.3002944111053866,0.0005129404545667338,-0.006715952453921869
2021-09-25,0.29268891312188544,0.2998559688977039,0.00029021865661899644,-0.007457274432437439
2021-09-26,0.29128642713773933,0.2994955977049004,7.167174766898397e-05,-0.008280842314830068
2021-09-27,0.2898839411535933,0.2992132975269764,0.00013209633186978987,-0.009461452705252903
2021-09-28,0.28848145516944723,0.29900906836393176,0.00019296932037764022,-0.010720582514862171
2021-09-29,0.2870789691853011,0.29888291021576663,0.00038931645988332176,-0.012193257490348825
2021-09-30,0.2856764832011551,0.2988348230824808,0.0005842270429285968,-0.01374256692425435
2021-10-01,0.28642940388689186,0.2988648069640744,0.0009929368430819732,-0.013428339920264524
2021-10-02,0.2871823245726287,0.2989728618605474,0.00140021008677501,-0.013190747374693688
2021-10-03,0.28793524525836556,0.29915898777189986,0.0016895138843296435,-0.012913256397863952
2021-10-04,0.28868816594410235,0.2994231846981317,0.001977381125423956,-0.01271239987945328
2021-10-05,0.28944108662983914,0.29976545263924287,0.0022520660564250236,-0.012576432065828752
2021-10-06,0.290194007315576,0.3001857915952335,0.0025253144309656888,-0.012517098710623212
2021-10-07,0.29094692800131283,0.30068420156610354,0.0022427833860008675,-0.011980056950791573
2021-10-08,0.2916998486870496,0.3012641550727944,0.0019588157845756467,-0.011523122170320439
2021-10-09,0.2924527693727864,0.3019291246362474,0.001582535550850893,-0.01105889081431186
2021-10-10,0.29320569005852326,0.3026836059131593,0.0012048187606658292,-0.01068273461530186
2021-10-11,0.2939586107442601,0.3035320945602265,0.0009010166223757746,-0.010474500438342174
2021-10-12,0.2947115314299969,0.304474590577449,0.001042245518860572,-0.010805304666312696
2021-10-13,0.2954644521157337,0.30551109396482695,0.0006871261118034946,-0.010733767960896758
2021-10-14,0.29621737280147054,0.30664160472236035,0.0003312446342404277,-0.010755476555130242
2021-10-15,0.2969702934872074,0.30786612285004894,1.2689953574643401e-05,-0.0109085193164162
2021-10-16,0.2977232141729442,0.30918464834789305,-0.00030769837229965716,-0.011153735802649225
2021-10-17,0.30023146679985824,0.31059718121589247,-0.0005905568550709969,-0.009775157560963236
2021-10-18,0.30273971942677225,0.31210372145404724,-0.0008752489830508647,-0.008488753044224133
2021-10-19,0.3052479720536863,0.3137042690623575,-0.00097921191467102,-0.007477085094000156
2021-10-20,0.3077562246806003,0.3153988240408231,-0.0010850084914996794,-0.0065575908687230886
2021-10-21,0.3102644773075144,0.317187386389444,-0.001325726679799326,-0.005597182402130281
2021-10-22,0.3127727299344284,0.3190699561082203,-0.0015682785133074968,-0.004728947660484418
2021-10-23,0.31528098256134246,0.3210465331971521,-0.001452612209149054,-0.0043129384266605815
2021-10-24,0.3177892351882565,0.3230936893228708,-0.0013387795501990877,-0.0039656745844151905
2021-10-25,0.32029748781517053,0.3251879961520084,-0.0013465411563680033,-0.0035439671804698477
2021-10-26,0.3228057404420846,0.32732513591292167,-0.0013550876823151684,-0.0031643077885219048
2021-10-27,0.3253139930689986,0.32950079083396766,-0.0008588650522543809,-0.0033279327127146716
2021-10-28,0.3278222456959127,0.33171496091514624,-0.0011505387989656144,-0.002742176420267952
2021-10-29,0.3303304983228267,0.33396764615645746,-0.0013772833511390779,-0.002259864482491705
2021-10-30,0.33283875094974075,0.3362588465579014,-0.0015980114903915315,-0.0018220841177691133
2021-10-31,0.33534700357665476,0.33858856211947785,-0.0015712861703004134,-0.0016702723725226841
2021-11-01,0.3378552562035688,0.3409567928411871,-0.0015385444372882262,-0.0015629922003300256
2021-11-02,0.3407771092465702,0.3433635387230289,-0.0012529182142518832,-0.0013335112622068239
2021-11-03,0.34369896228957153,0.34580879976500334,-0.000961275578294471,-0.0011485618971373373
2021-11-04,0.3466208153325729,0.3482925759671104,-0.00069621803741394,-0.0009755425971235603
2021-11-05,0.34954266837557424,0.3508148673293502,-0.0004251440836123177,-0.0008470548701636316
2021-11-06,0.35246452141857554,0.3533756738517225,-5.487647696104582e-05,-0.0008562759561859431
2021-11-07,0.3553863744615769,0.35597499553422757,0.00032140754261125433,-0.000910028615261929
2021-11-08,0.35830822750457825,0.35861283237686525,0.0004141657921284947,-0.0007187706644155012
2021-11-09,0.3612300805475796,0.3612701046846228,0.0005129404545667338,-0.0005529645916099158
2021-11-10,0.36415193359058096,0.3639277327624872,0.00029021865661899644,-6.601782852522849e-05
2021-11-11,0.3670737866335823,0.36661349791243664,7.167174766898397e-05,0.00038861697347669015
2021-11-12,0.36999563967658367,0.36935518143644863,0.00013209633186978987,0.0005083619082652435
2021-11-13,0.37291749271958496,0.3721527833345231,0.00019296932037764022,0.0005717400646842056
2021-11-14,0.3758393457625863,0.3750063036066602,0.00038931645988332176,0.00044372569604278966
2021-11-15,0.3787611988055877,0.37791574225285995,0.0005842270429285968,0.0002612295097991224
2021-11-16,0.38168305184858903,0.3808810992731222,0.0009929368430819732,-0.00019098426761513768
2021-11-17,0.3846049048915904,0.38390237466744703,0.00140021008677501,-0.0006976798626316604
2021-11-18,0.3871295229434287,0.3869795684358345,0.0016895138843296435,-0.0015395593767353914
2021-11-19,0.3896541409952671,0.3901126805782845,0.001977381125423956,-0.0024359207084414035
2021-11-20,0.3921787590471054,0.39330171109479706,0.0022520660564250236,-0.0033750181041166624
2021-11-21,0.39470337709894376,0.39654665998537236,0.0025253144309656888,-0.004368597317394288
2021-11-22,0.3972279951507821,0.39984752725001005,0.0022427833860008675,-0.004862315485228807
2021-11-23,0.39975261320262045,0.4032043128887105,0.0019588157845756467,-0.005410515470665695
2021-11-24,0.4022772312544588,0.4066170169014735,0.001582535550850893,-0.0059223211978655975
2021-11-25,0.40480184930629715,0.41008114363160236,0.0012048187606658292,-0.006484113085971046
2021-11-26,0.40732646735813544,0.41359219742240066,0.0009010166223757746,-0.0071667466866410035
2021-11-27,0.4098510854099738,0.41714486281060775,0.001042245518860572,-0.008336022919494543
2021-11-28,0.4123757034618121,0.4207338243329632,0.0006871261118034946,-0.00904524698295456
2021-11-29,0.41490032151365047,0.42435908198946687,0.0003312446342404277,-0.009790005110056824
2021-11-30,0.4174249395654888,0.428020635780119,1.2689953574643401e-05,-0.010608386168204833
2021-12-01,0.41994955761732716,0.4317184857049193,-0.00030769837229965716,-0.011461229715292455
2021-12-02,0.4224741756691655,0.43545263176386795,-0.0005905568550709969,-0.012387899239631442
2021-12-03,0.42499879372100385,0.43922307395696486,-0.0008752489830508647,-0.013349031252910142
2021-12-04,0.4300792915547967,0.44302981228421023,-0.00097921191467102,-0.01197130881474253
2021-12-05,0.43515978938858946,0.4468728467456037,-0.0010850084914996794,-0.010628048865514543
2021-12-06,0.4402402872223823,0.45075217734114553,-0.001325726679799326,-0.00918616343896392
2021-12-07,0.44532078505617506,0.4546678040708356,-0.0015682785133074968,-0.007778740501353066
2021-12-08,0.4504012828899679,0.45861972693467407,-0.001452612209149054,-0.006765831835557121
2021-12-09,0.45548178072376067,0.46260794593266086,-0.0013387795501990877,-0.005787385658701105
2021-12-10,0.4605622785575535,0.46663246106479594,-0.0013465411563680033,-0.0047236413508744465
2021-12-11,0.46564277639134627,0.47069759010272233,-0.0013550876823151684,-0.003699726029060892
2021-12-12,0.4707232742251391,0.4748076508180832,-0.0008588650522543809,-0.0032255115406897026
2021-12-13,0.4758037720589319,0.47896072814235147,-0.0011505387989656144,-0.0020064172844539785
2021-12-14,0.4808842698927247,0.483154907007,-0.0013772833511390779,-0.0008933537631361978
2021-12-15,0.48596476772651753,0.4873901874120288,-0.0015980114903915315,0.0001725918048802893
2021-12-16,0.4910452655603103,0.49166656935743774,-0.0015712861703004134,0.0009499823731729763
2021-12-17,0.49612576339410314,0.495984052843227,-0.0015385444372882262,0.0016802549881643658
2021-12-18,0.5012062612278959,0.5003426378693965,-0.0012529182142518832,0.0021165415727513156
2021-12-19,0.5062867590616887,0.5047423244359461,-0.000961275578294471,0.002505710204037079
2021-12-20,0.5108782342755119,0.5091831125428762,-0.00069621803741394,0.0023913397700496917
2021-12-21,0.5154697094893351,0.5136650021901865,-0.0004251440836123177,0.002229851382760929
2021-12-22,0.5200611847031584,0.5181879933778771,-5.487647696104582e-05,0.001928067802242344
2021-12-23,0.5246526599169816,0.5227520861059478,0.00032140754261125433,0.001579166268422558
2021-12-24,0.5292441351308048,0.5273572803743989,0.0004141657921284947,0.0014726889642774365
2021-12-25,0.533835610344628,0.5320035761832301,0.0005129404545667338,0.0013190937068311437
2021-12-26,0.5384270855584512,0.5366909735324417,0.00029021865661899644,0.0014458933693905433
2021-12-27,0.5430185607722744,0.5413916911200556,7.167174766898397e-05,0.0015551979045498258
2021-12-28,0.5476100359860977,0.5460779476440942,0.00013209633186978987,0.0013999920101336783
2021-12-29,0.5522015111999209,0.5507294905879525,0.00019296932037764022,0.0012790512915907429
2021-12-30,0.5567929864137441,0.5553260674350253,0.00038931645988332176,0.0010776025188354347
2021-12-31,0.5613844616275673,0.5598676781853125,0.0005842270429285968,0.0009325563993262131
2022-01-01,0.5659759368413905,0.5643543228388139,0.0009929368430819732,0.0006286771594945703
2022-01-02,0.5705674120552138,0.5687860013955299,0.00140021008677501,0.0003812005729088364
2022-01-03,0.575158887269037,0.5731627138554601,0.0016895138843296435,0.00030665952924718593
2022-01-04,0.5797503624828602,0.5774844602186047,0.001977381125423956,0.0002885211388315369
2022-01-05,0.5841656513921902,0.5817512404849636,0.0022520660564250236,0.00016234485080158156
2022-01-06,0.5885809403015202,0.585963054654537,0.0025253144309656888,9.257121601748694e-05
2022-01-07,0.5929962292108502,0.5901199027273248,0.0022427833860008675,0.000633543097524448
2022-01-08,0.5974115181201802,0.5942217847033272,0.0019588157845756467,0.0012309176322773778
2022-01-09,0.6018268070295103,0.5982687005825438,0.001582535550850893,0.0019755708961156316
2022-01-10,0.6062420959388403,0.6022606503649747,0.0012048187606658292,0.002776626813199765
2022-01-11,0.6106573848481702,0.6061976340506201,0.0009010166223757746,0.003558734175174347
2022-01-12,0.6150726737575003,0.6100849671027404,0.001042245518860572,0.003945461135899322
2022-01-13,0.6194879626668304,0.6139279649845961,0.0006871261118034946,0.004872871570430757
2022-01-14,0.6239032515761603,0.6177568216833151,0.0003312446342404277,0.005815185258604767
2022-01-15,0.6283185404854903,0.6216017311860251,1.2689953574643401e-05,0.006704119345890522
2022-01-16,0.6327338293948204,0.625462693492726,-0.00030769837229965716,0.00757883427439404
2022-01-17,0.6371491183041504,0.6293397086034179,-0.0005905568550709969,0.008399966555803514
2022-01-18,0.6415644072134804,0.6332327765181012,-0.0008752489830508647,0.009206879678430098
2022-01-19,0.6459796961228104,0.6371418972367751,-0.00097921191467102,0.009817010800706329
2022-01-20,0.6503949850321404,0.64106707075944,-0.0010850084914996794,0.01041292276420009
2022-01-21,0.6529470424137952,0.6450082970860961,-0.001325726679799326,0.00926447200749844
2022-01-22,0.6554990997954498,0.6489655762167432,-0.0015682785133074968,0.00810180209201412
2022-01-23,0.6580511571771046,0.6529389081513811,-0.001452612209149054,0.006564861234872546
2022-01-24,0.6606032145587593,0.6569282928900102,-0.0013387795501990877,0.0050137012189481415
2022-01-25,0.663155271940414,0.6609337304326303,-0.0013465411563680033,0.0035680826641517564
2022-01-26,0.6657073293220688,0.6649552207792413,-0.0013550876823151684,0.002107196225142647
2022-01-27,0.6682593867037234,0.6689927639298434,-0.0008588650522543809,0.00012548782613438982
2022-01-28,0.6708114440853782,0.6730482749529635,-0.0011505387989656144,-0.00108629206861969
2022-01-29,0.6733635014670329,0.6771236689171287,-0.0013772833511390779,-0.002382884098956697
2022-01-30,0.6759155588486876,0.6811571674109207,-0.0015980114903915315,-0.0036435970718415706
2022-01-31,0.6784676162303424,0.685086992022921,-0.0015712861703004134,-0.005048089622278239
2022-02-01,0.6810196736119971,0.6889131427531296,-0.0015385444372882262,-0.006354924703844311
2022-02-02,0.6835717309936518,0.6926356196015464,-0.0012529182142518832,-0.00781097039364276
2022-02-03,0.6861237883753065,0.6962544225681717,-0.000961275578294471,-0.009169358614570725
2022-02-04,0.6886758457569612,0.6997695516530053,-0.00069621803741394,-0.010397487858630141
2022-02-05,0.6912279031386159,0.703181006856047,-0.0004251440836123177,-0.011527959633818762
2022-02-06,0.6965578073360252,0.7064887881772969,-5.487647696104582e-05,-0.009876104364310596
2022-02-07,0.7018877115334344,0.7096928956167552,0.00032140754261125433,-0.008126591625932014
2022-02-08,0.7072176157308437,0.7127933291744217,0.0004141657921284947,-0.005989879235706485
2022-02-09,0.7125475199282529,0.7157900888502967,0.0005129404545667338,-0.00375550937661051
2022-02-10,0.7178774241256622,0.7186831746443799,0.00029021865661899644,-0.0010959691753366703
2022-02-11,0.7232073283230716,0.7214725865566715,7.167174766898397e-05,0.0016630700187311102
2022-02-12,0.7285372325204807,0.7241583245871712,0.00013209633186978987,0.004246811601439738
2022-02-13,0.7338671367178901,0.7267606412524843,0.00019296932037764022,0.006913526145028119
2022-02-14,0.7391970409152994,0.7292997890692162,0.00038931645988332176,0.009507935386199822
2022-02-15,0.7445269451127086,0.731780994482204,0.0005842270429285968,0.012161723587575947
2022-02-16,0.7498568493101179,0.7342094839362855,0.0009929368430819732,0.014654428530750404
2022-02-17,0.7551867535075272,0.7365852574314606,0.00140021008677501,0.017201285989291527
2022-02-18,0.7605166577049364,0.7389083149677292,0.0016895138843296435,0.019918828852877487
2022-02-19,0.7658465619023457,0.7411786565450915,0.001977381125423956,0.022690524231830204
2022-02-20,0.7711764660997549,0.7433962821635473,0.0022520660564250236,0.0255281178797826
2022-02-21,0.7765063702971642,0.7455611918230969,0.0025253144309656888,0.028419864043101616
2022-02-22,0.7761526606440753,0.74767338552374,0.0022427833860008675,0.026236491734334455
2022-02-23,0.7757989509909863,0.7497328632654765,0.0019588157845756467,0.024107271940934132
2022-02-24,0.7754452413378974,0.7517396250483069,0.001582535550850893,0.022123080738739555
2022-02-25,0.7750915316848085,0.7536936708722306,0.0012048187606658292,0.020193042051912056
2022-02-26,0.7747378220317195,0.7555950007372482,0.0009010166223757746,0.01824180467209554
2022-02-27,0.7743841123786306,0.7574436146433592,0.001042245518860572,0.015898252216410825
2022-02-28,0.7740304027255417,0.7592395125905638,0.0006871261118034946,0.014103764023174424
2022-03-01,0.7736766930724527,0.7609525005917342,0.0003312446342404277,0.012392947846478005
2022-03-02,0.7733229834193638,0.7625523846597427,1.2689953574643401e-05,0.01075790880604641
2022-03-03,0.7729692737662749,0.7640463218652702,-0.00030769837229965716,0.009230650273304329
2022-03-04,0.772615564113186,0.7654414692789971,-0.0005905568550709969,0.007764651689259845
2022-03-05,0.772261854460097,0.7667378269009234,-0.0008752489830508647,0.006399276542224448
2022-03-06,0.7719081448070081,0.7679353947310493,-0.00097921191467102,0.004951961990629784
2022-03-07,0.7715544351539192,0.7690341727693746,-0.0010850084914996794,0.0036052708760442934
2022-03-08,0.7712007255008302,0.7700341610158992,-0.001325726679799326,0.0024922911647303468
2022-03-09,0.7708470158477413,0.7709353594706234,-0.0015682785133074968,0.0014799348904253713
2022-03-10,0.7709741391197015,0.771737768133547,-0.001452612209149054,0.0006889831953035303
2022-03-11,0.7711012623916618,0.7724413870046701,-0.0013387795501990877,-1.3450628092766953e-06
2022-03-12,0.771228385663622,0.7730462160839929,-0.0013465411563680033,-0.0004712892640029772
2022-03-13,0.7713555089355821,0.7735522553715148,-0.0013550876823151684,-0.0008416587536175376
2022-03-14,0.7714826322075424,0.7739595048672365,-0.0008588650522543809,-0.0016180076074397151
2022-03-15,0.7716097554795026,0.7742679645711574,-0.0011505387989656144,-0.001507670292689203
2022-03-16,0.7717368787514629,0.774477634483278,-0.0013772833511390779,-0.0013634723806760143
2022-03-17,0.7718640020234231,0.7746502930150163,-0.0015980114903915315,-0.0011882795012016895
2022-03-18,0.7719911252953833,0.7748477185777911,-0.0015712861703004134,-0.0012853071121074243
2022-03-19,0.7721182485673436,0.7750561470191011,-0.0015385444372882262,-0.0013993540144692884
2022-03-20,0.7722453718393038,0.7752618141864452,-0.0012529182142518832,-0.0017635241328896071
2022-03-21,0.772372495111264,0.7754647200798237,-0.000961275578294471,-0.0021309493902651826
2022-03-22,0.7724996183832242,0.7756648646992363,-0.00069621803741394,-0.0024690282785981756
2022-03-23,0.7726267416551844,0.7758622480446833,-0.0004251440836123177,-0.002810362305886559
2022-03-24,0.7727538649271447,0.7760568701161643,-5.487647696104582e-05,-0.0032481287120585574
2022-03-25,0.7728809881991049,0.7762487309136799,0.00032140754261125433,-0.003689150257186216
2022-03-26,0.7736665619736897,0.7764378304372291,0.0004141657921284947,-0.003185434255667973
2022-03-27,0.7744521357482744,0.7766241686868129,0.0005129404545667338,-0.002684973393105249
2022-03-28,0.7752377095228592,0.7768077456624308,0.00029021865661899644,-0.0018602547961906254
2022-03-29,0.7760232832974439,0.7769885613640829,7.167174766898397e-05,-0.0010369498143080254
2022-03-30,0.7768088570720286,0.7771666157917694,0.00013209633186978987,-0.0004898550516105426
2022-03-31,0.7775944308466134,0.7773419089454899,0.00019296932037764022,5.955258074581896e-05
2022-04-01,0.7783800046211982,0.7775144408252447,0.00038931645988332176,0.00047624733607016167
2022-04-02,0.7791655783957829,0.7776789849861963,0.0005842270429285968,0.0009023663666580816
2022-04-03,0.7799511521703677,0.777830314983507,0.0009929368430819732,0.0011279003437787624
2022-04-04,0.7807367259449525,0.7779492263920393,0.00140021008677501,0.0013872894661381208
2022-04-05,0.7815222997195372,0.7780165147866556,0.0016895138843296435,0.001816271048552029
2022-04-06,0.782307873494122,0.7780321801673556,0.001977381125423956,0.0022983122013424053
2022-04-07,0.7830934472687067,0.7779962225341397,0.0022520660564250236,0.0028451586781419506
2022-04-08,0.7838790210432914,0.7779086418870077,0.0025253144309656888,0.003445064725318045
2022-04-09,0.7846645948178762,0.7777694382259596,0.0022427833860008675,0.004652373205915773
2022-04-10,0.785450168592461,0.7775786115509953,0.0019588157845756467,0.0059127412568900466
2022-04-11,0.7849694403369458,0.7773361618621152,0.001582535550850893,0.006050742923979747
2022-04-12,0.7844887120814306,0.7770420891593186,0.0012048187606658292,0.006241804161446127
2022-04-13,0.7840079838259154,0.7766963934426061,0.0009010166223757746,0.006410573760933533
2022-04-14,0.7835272555704003,0.7762990747119776,0.001042245518860572,0.006185935339562123
2022-04-15,0.783046527314885,0.775850132967433,0.0006871261118034946,0.0065092682356485115
2022-04-16,0.7825657990593698,0.7753495682089725,0.0003312446342404277,0.006884986216156926
2022-04-17,0.7820850708038546,0.7747973804365955,1.2689953574643401e-05,0.007275000413684426
2022-04-18,0.7816043425483394,0.774186412579622,-0.00030769837229965716,0.007725628341017142
2022-04-19,0.7811236142928243,0.7735095075673708,-0.0005905568550709969,0.008204663580524482
2022-04-20,0.780642886037309,0.7727520085312608,-0.0008752489830508647,0.008766126489099087
2022-04-21,0.7801621577817939,0.7718992586027104,-0.00097921191467102,0.009242111093754536
2022-04-22,0.7796814295262786,0.7709512577817197,-0.0010850084914996794,0.009815180236058603
2022-04-23,0.7792007012707635,0.7699080060682886,-0.001325726679799326,0.010618421882274213
2022-04-24,0.7787199730152483,0.768769503462417,-0.0015682785133074968,0.011518748066138795
2022-04-25,0.778239244759733,0.7675357499641051,-0.001452612209149054,0.012156107004776987
2022-04-26,0.7777585165042179,0.7662067455733529,-0.0013387795501990877,0.0128905504810641
2022-04-27,0.7755109811360381,0.7647824902901604,-0.0013465411563680033,0.012075032002245684
2022-04-28,0.7732634457678584,0.7632629841145274,-0.0013550876823151684,0.011355549335646184
2022-04-29,0.7710159103996787,0.7616482270464541,-0.0008588650522543809,0.010226548405478958
2022-04-30,0.7687683750314989,0.7599382190859403,-0.0011505387989656144,0.009980694744524196
2022-05-01,0.7665208396633192,0.7581329602329862,-0.0013772833511390779,0.009765162781472112
2022-05-02,0.7642733042951394,0.7562324504875918,-0.0015980114903915315,0.00963886529793913
2022-05-03,0.7620257689269596,0.7542366898497571,-0.0015712861703004134,0.009360365247502913
2022-05-04,0.7597782335587799,0.752159442471983,-0.0015385444372882262,0.009157335524085198
2022-05-05,0.7575306981906001,0.7500144725067706,-0.0012529182142518832,0.008769143898081474
2022-05-06,0.7552831628224204,0.7478115249447005,-0.000961275578294471,0.008432913456014343
2022-05-07,0.7530356274542406,0.745560344776353,-0.00069621803741394,0.008171500715301492
2022-05-08,0.7507880920860609,0.7432609320017282,-0.0004251440836123177,0.007952304167945057
2022-05-09,0.7485405567178811,0.7409132866208258,-5.487647696104582e-05,0.0076821465740163734
2022-05-10,0.7462930213497013,0.7385174086336462,0.00032140754261125433,0.007454205173443837
2022-05-11,0.7440454859815216,0.7360732980401888,0.0004141657921284947,0.007558022149204314
2022-05-12,0.7417979506133419,0.7335809548404542,0.0005129404545667338,0.007704055318320969
2022-05-13,0.7382019833356697,0.7310403790344423,0.00029021865661899644,0.006871385644608368
2022-05-14,0.7346060160579976,0.7284515706221528,7.167174766898397e-05,0.006082773688175774
2022-05-15,0.7310100487803254,0.7258145296035858,0.00013209633186978987,0.005063422844869759
2022-05-16,0.7274140815026533,0.7231292559787418,0.00019296932037764022,0.004091856203533877
2022-05-17,0.7238181142249811,0.7203957497476199,0.00038931645988332176,0.0030330480174778954
2022-05-18,0.720222146947309,0.7176140109102208,0.0005842270429285968,0.0020239089941596075
2022-05-19,0.7166261796696368,0.7147840394665443,0.0009929368430819732,0.0008492033600105062
2022-05-20,0.7130302123919647,0.711925039841728,0.00140021008677501,-0.0002950375365382218
2022-05-21,0.7094342451142925,0.7090562164609095,0.0016895138843296435,-0.0013114852309466544
2022-05-22,0.7058382778366203,0.7061446720812847,0.001977381125423956,-0.0022837753700883433
2022-05-23,0.7022423105589483,0.7031575094600488,0.0022520660564250236,-0.0031672649575256125
2022-05-24,0.6986463432812761,0.7000947285972022,0.0025253144309656888,-0.00397369974689186
2022-05-25,0.695050376003604,0.6969563294927448,0.0022427833860008675,-0.004148736875141667
2022-05-26,0.6914544087259318,0.6937423121466763,0.0019588157845756467,-0.0042467192053201215
2022-05-27,0.6878584414482597,0.690452676558997,0.001582535550850893,-0.0041767706615882015
2022-05-28,0.6842624741705875,0.6870874227297067,0.0012048187606658292,-0.004029767319785018
2022-05-29,0.681563046026311,0.6836465506588054,0.0009010166223757746,-0.0029845212548701787
2022-05-30,0.6788636178820344,0.6801300603462934,0.001042245518860572,-0.002308687983119571
2022-05-31,0.6761641897377579,0.6765379517921707,0.0006871261118034946,-0.0010608881662162463
2022-06-01,0.6734647615934815,0.6728702249964367,0.0003312446342404277,0.00026329196280435363
2022-06-02,0.6707653334492049,0.669126879959092,1.2689953574643401e-05,0.00162576353653818
2022-06-03,0.6680659053049284,0.6653079166801364,-0.00030769837229965716,0.0030656869970915866
2022-06-04,0.6653664771606519,0.66141333515957,-0.0005905568550709969,0.004543698856152874
2022-06-05,0.6626670490163753,0.657457792265974,-0.0008752489830508647,0.006084505733452157
2022-06-06,0.6599676208720988,0.6534559448679299,-0.00097921191467102,0.007490887918839929
2022-06-07,0.6572681927278223,0.6494256475258167,-0.0010850084914996794,0.008927553693505348
2022-06-08,0.6545687645835458,0.645384754800013,-0.001325726679799326,0.010509736463332168
2022-06-09,0.6518693364392693,0.6413332666905189,-0.0015682785133074968,0.012104348262057817
2022-06-10,0.6491699082949928,0.6372711831973344,-0.001452612209149054,0.01335133730680738
2022-06-11,0.6464704801507163,0.6331985043204592,-0.0013387795501990877,0.014610755380456164
2022-06-12,0.6437710520064397,0.6291152300598936,-0.0013465411563680033,0.016002363102914134
2022-06-13,0.6410716238621632,0.6250213604156375,-0.0013550876823151684,0.017405351128840882
2022-06-14,0.6353456493798825,0.6209168953876909,-0.0008588650522543809,0.01528761904444595
2022-06-15,0.6296196748976018,0.6168018349760539,-0.0011505387989656144,0.01396837872051356
2022-06-16,0.6238937004153211,0.6126761791807265,-0.0013772833511390779,0.012594804585733707
2022-06-17,0.6181677259330404,0.6085399280017085,-0.0015980114903915315,0.01122580942172337
2022-06-18,0.6124417514507597,0.6043930814390001,-0.0015712861703004134,0.009619956182060099
2022-06-19,0.606715776968479,0.6002356394926011,-0.0015385444372882262,0.008018681913166171
2022-06-20,0.6009898024861983,0.5960676021625116,-0.0012529182142518832,0.006175118537938504
2022-06-21,0.5952638280039176,0.5918792244581516,-0.000961275578294471,0.004345879124060556
2022-06-22,0.5895378535216369,0.58766076138894,-0.00069621803741394,0.002573310170110874
2022-06-23,0.5838118790393562,0.583428426270974,-0.0004251440836123177,0.0008085968519944598
2022-06-24,0.5780859045570754,0.5791984324203506,-5.487647696104582e-05,-0.0010576513863141575
2022-06-25,0.5723599300747948,0.57497077983707,0.00032140754261125433,-0.002932257304886468
2022-06-26,0.5666339555925141,0.5707454685211316,0.0004141657921284947,-0.0045256787207460505
2022-06-27,0.5609079811102333,0.566522498472536,0.0005129404545667338,-0.006127457816869407
2022-06-28,0.5551820066279527,0.5623018696912832,0.00029021865661899644,-0.007410081719949452
2022-06-29,0.549456032145672,0.5580835821773729,7.167174766898397e-05,-0.008699221779369888
2022-06-30,0.5453726772182377,0.553867635930805,0.00013209633186978987,-0.008627055044437126
2022-07-01,0.5412893222908035,0.5496540309515796,0.00019296932037764022,-0.00855767798115374
2022-07-02,0.5372059673633692,0.5454427672396969,0.00038931645988332176,-0.00862611633621096
2022-07-03,0.5331226124359351,0.5412338447951568,0.0005842270429285968,-0.008695459402150328
2022-07-04,0.5290392575085008,0.5370272636179593,0.0009929368430819732,-0.008980942952540464
2022-07-05,0.5249559025810666,0.5328230237081044,0.00140021008677501,-0.009267331213812811
2022-07-06,0.5208725476536323,0.5286211250655921,0.0016895138843296435,-0.009438091296289423
2022-07-07,0.516789192726198,0.5244544649332266,0.001977381125423956,-0.009642653332452462
2022-07-08,0.5127058377987639,0.5203559405538125,0.0022520660564250236,-0.00990216881147365
2022-07-09,0.5086224828713296,0.5163143344802233,0.0025253144309656888,-0.01021716603985943
2022-07-10,0.5045391279438954,0.5123184292653326,0.0022427833860008675,-0.010022084707437984
2022-07-11,0.5004557730164612,0.5083682249091401,0.0019588157845756467,-0.00987126767725462
2022-07-12,0.49637241808902693,0.504463721411646,0.001582535550850893,-0.009673838873469929
2022-07-13,0.4922890631615927,0.5006049187728503,0.0012048187606658292,-0.009520674371923412
2022-07-14,0.4882057082341585,0.4967918169927528,0.0009010166223757746,-0.00948712538097011
2022-07-15,0.48412235330672426,0.49302441607135383,0.001042245518860572,-0.009944308283490142
2022-07-16,0.4815306234602063,0.4893027160086532,0.0006871261118034946,-0.008459218660250402
2022-07-17,0.47893889361368835,0.48562671680465097,0.0003312446342404277,-0.007019067825203044
2022-07-18,0.4763471637671704,0.4819964184593471,1.2689953574643401e-05,-0.005661944645751341
2022-07-19,0.47375543392065245,0.47841182097274143,-0.00030769837229965716,-0.004348688679789327
2022-07-20,0.47116370407413455,0.4748729243448343,-0.0005905568550709969,-0.0031186634156287565
2022-07-21,0.4685719742276166,0.47137972857562543,-0.0008752489830508647,-0.001932505364957975
2022-07-22,0.46598024438109864,0.46793223366511494,-0.00097921191467102,-0.0009727773693452779
2022-07-23,0.4633885145345807,0.46451258505292414,-0.0010850084914996794,-3.906202684377685e-05
2022-07-24,0.46079678468806273,0.4611029281786741,-0.001325726679799326,0.0010195831891879601
2022-07-25,0.4582050548415448,0.45772239560451994,-0.0015682785133074968,0.002050937750332337
2022-07-26,0.4556133249950268,0.45439011989261663,-0.001452612209149054,0.0026758173115592502
2022-07-27,0.45302159514850887,0.4511061010429643,-0.0013387795501990877,0.0032542736557436783
2022-07-28,0.450429865301991,0.4478703390555629,-0.0013465411563680033,0.003906067402796082
2022-07-29,0.447838135455473,0.44468283393041236,-0.0013550876823151684,0.004510389207375829
2022-07-30,0.44524640560895506,0.44154358566751284,-0.0008588650522543809,0.004561684993696607
2022-07-31,0.4426546757624371,0.43845259426686417,-0.0011505387989656144,0.005352620294538555
2022-08-01,0.43903094078028104,0.4354098597284665,-0.0013772833511390779,0.004998364402953601
2022-08-02,0.435407205798125,0.43241538205231983,-0.0015980114903915315,0.0045898352361966755
2022-08-03,0.4317834708159689,0.429469161238424,-0.0015712861703004134,0.0038855957478453286
2022-08-04,0.42815973583381284,0.4265711972867791,-0.0015385444372882262,0.0031270829843219505
2022-08-05,0.42453600085165677,0.4237214901973852,-0.0012529182142518832,0.002067428868523455
2022-08-06,0.4209122658695007,0.4209200399702423,-0.000961275578294471,0.0009535014775528734
2022-08-07,0.41728853088734463,0.41816684660535014,-0.00069621803741394,-0.00018209768059156682
2022-08-08,0.41366479590518856,0.41544569678661214,-0.0004251440836123177,-0.0013557567978112572
2022-08-09,0.4100410609230325,0.41274037719793116,-5.487647696104582e-05,-0.0026444397979376207
2022-08-10,0.4064173259408764,0.41003311905387146,0.00032140754261125433,-0.003937200655606346
2022-08-11,0.4027935909587203,0.4073061535689971,0.0004141657921284947,-0.004926728402405266
2022-08-12,0.39916985597656424,0.4045594807433082,0.0005129404545667338,-0.005902565221310717
2022-08-13,0.39554612099440817,0.40179310057680456,0.00029021865661899644,-0.006537198239015391
2022-08-14,0.3919223860122521,0.3990070130694863,7.167174766898397e-05,-0.007156298804903211
2022-08-15,0.38829865103009603,0.39620121822135346,0.00013209633186978987,-0.008034663523127216
2022-08-16,0.38467491604793996,0.39337571603240606,0.00019296932037764022,-0.008893769304843742
2022-08-17,0.38281137678404853,0.3905305065026439,0.00038931645988332176,-0.008108446178478718
2022-08-18,0.38094783752015715,0.38766558963206726,0.0005842270429285968,-0.0073019791548387105
2022-08-19,0.3790842982562657,0.3847809654206759,0.0009929368430819732,-0.006689604007492169
2022-08-20,0.3772207589923743,0.3818766338684701,0.00140021008677501,-0.006056084962870821
2022-08-21,0.3753572197284829,0.3789525949754496,0.0016895138843296435,-0.005284889131296325
2022-08-22,0.37349368046459147,0.3760088487416145,0.001977381125423956,-0.004492549402446984
2022-08-23,0.37163014120070004,0.3730453951669648,0.0022520660564250236,-0.0036673200226897637
2022-08-24,0.36976660193680866,0.370073451698627,0.0025253144309656888,-0.0028321641927840173
2022-08-25,0.3679030626729172,0.3671042357837275,0.0022427833860008675,-0.0014439564968111154
2022-08-26,0.3660395234090258,0.3641805846790376,0.0019588157845756467,-9.987705458743348e-05
2022-08-27,0.36417598414513436,0.3613453356413282,0.001582535550850893,0.0012481129529552616
2022-08-28,0.362312444881243,0.35859848867059957,0.0012048187606658292,0.0025091374499775806
2022-08-29,0.36044890561735154,0.35594004376685157,0.0009010166223757746,0.003607845228124204
2022-08-30,0.3585853663534601,0.35337000093008414,0.001042245518860572,0.004173119904515401
2022-08-31,0.35672182708956873,0.35088836016029734,0.0006871261118034946,0.0051463408174678964
2022-09-01,0.3548582878256773,0.34849512145749123,0.0003312446342404277,0.00603192173394564
2022-09-02,0.35136002030168695,0.34619028482166564,1.2689953574643401e-05,0.005157045526446666
2022-09-03,0.34786175277769665,0.34397385025282073,-0.00030769837229965716,0.004195600897175576
2022-09-04,0.3443634852537063,0.3418458177509564,-0.0005905568550709969,0.0031082243578208955
2022-09-05,0.340865217729716,0.3398061873160727,-0.0008752489830508647,0.0019342793966941672
2022-09-06,0.33736695020572566,0.33785495894816964,-0.00097921191467102,0.0004912031722270405
2022-09-07,0.3338686826817353,0.33599213264724714,-0.0010850084914996794,-0.0010384414740121572
2022-09-08,0.330370415157745,0.3342177084133054,-0.001325726679799326,-0.002521566575761054
2022-09-09,0.32687214763375466,0.3325125536841892,-0.0015682785133074968,-0.004072127537127036
2022-09-10,0.3233738801097643,0.3308575358977435,-0.001452612209149054,-0.006031043578830162
2022-09-11,0.319875612585774,0.3292643195097688,-0.0013387795501990877,-0.008049927373795706
2022-09-12,0.31637734506178367,0.32774456897606563,-0.0013465411563680033,-0.010020682757913962
2022-09-13,0.3128790775377933,0.32629828429663393,-0.0013550876823151684,-0.01206411907652545
2022-09-14,0.309380810013803,0.3249254654714738,-0.0008588650522543809,-0.014685790405416371
2022-09-15,0.30588254248981267,0.3236261125005851,-0.0011505387989656144,-0.01659303121180681
2022-09-16,0.3023842749658224,0.32240022538396784,-0.0013772833511390779,-0.01863866706700639
2022-09-17,0.298886007441832,0.3212478041216221,-0.0015980114903915315,-0.02076378518939857
2022-09-18,0.29932876754078497,0.32016884871354784,-0.0015712861703004134,-0.019268795002462456
2022-09-19,0.29977152763973786,0.31916335915974514,-0.0015385444372882262,-0.01785328708271906
2022-09-20,0.30021428773869074,0.3182313354602139,-0.0012529182142518832,-0.0167641295072713
2022-09-21,0.3006570478376437,0.3173727776149541,-0.000961275578294471,-0.015754454199015923
2022-09-22,0.30109980793659663,0.31658768562396583,-0.00069621803741394,-0.01479165964995526
2022-09-23,0.3015425680355495,0.315876059487249,-0.0004251440836123177,-0.01390834736808717
2022-09-24,0.3019853281345024,0.3152378992048038,-5.487647696104582e-05,-0.01319769459334032
2022-09-25,0.30242808823345535,0.3146909735620659,0.00032140754261125433,-0.012584292871221783
2022-09-26,0.3028708483324083,0.31425305134447107,0.0004141657921284947,-0.011796368804191269
2022-09-27,0.3033136084313612,0.3139110429530541,0.0005129404545667338,-0.011110374976259661
2022-09-28,0.30375636853031407,0.31365185878884944,0.00029021865661899644,-0.010185708915154364
2022-09-29,0.304199128629267,0.3134754988518574,7.167174766898397e-05,-0.009348041970259353
2022-09-30,0.30464188872821996,0.3133819631420776,0.00013209633186978987,-0.008872170745727447
2022-10-01,0.30508464882717284,0.3133712516595103,0.00019296932037764022,-0.008479572152715093
2022-10-02,0.30552740892612573,0.3134433644041553,0.00038931645988332176,-0.008305271937912912
2022-10-03,0.3059701690250787,0.31359830137601274,0.0005842270429285968,-0.008212359393862665
2022-10-04,0.30748605905767573,0.3138360625750827,0.0009929368430819732,-0.0073429403604889166
2022-10-05,0.3090019490902728,0.3141566480013649,0.00140021008677501,-0.0065549089978671135
2022-10-06,0.3105178391228698,0.31456005765485956,0.0016895138843296435,-0.005731732416319415
2022-10-07,0.31203372915546684,0.31504629153556657,0.001977381125423956,-0.004989943505523682
2022-10-08,0.3135496191880639,0.3156153496434861,0.0022520660564250236,-0.004317796511847211
2022-10-09,0.31506550922066096,0.3162672319786179,0.0025253144309656888,-0.0037270371889226244
2022-10-10,0.316581399253258,0.31700193854096215,0.0022427833860008675,-0.0026633226737050033
2022-10-11,0.318097289285855,0.31777663207374773,0.0019588157845756467,-0.0016381585724683685
2022-10-12,0.31961317931845207,0.3185484753202034,0.001582535550850893,-0.0005178315526022425
2022-10-13,0.3211290693510491,0.31935322285359513,0.0012048187606658292,0.000571027736788163
2022-10-14,0.3226449593836462,0.3202266292471887,0.0009010166223757746,0.0015173135140817058
2022-10-15,0.32416084941624324,0.32116869450098406,0.001042245518860572,0.001949909396398599
2022-10-16,0.3256767394488403,0.3221794186149814,0.0006871261118034946,0.0028101947220554022
2022-10-17,0.3271926294814373,0.3232588015891806,0.0003312446342404277,0.003602583258016286
2022-10-18,0.32870851951403435,0.3244068434235816,1.2689953574643401e-05,0.004288986136878089
2022-10-19,0.3302244095466314,0.3256235441181845,-0.00030769837229965716,0.004908563800746555
2022-10-20,0.33053605647441153,0.3269089036729892,-0.0005905568550709969,0.004217709656493336
2022-10-21,0.3308477034021917,0.32826292208799573,-0.0008752489830508647,0.0034600302972468476
2022-10-22,0.33115935032997185,0.32968559936320413,-0.00097921191467102,0.0024529628814387375
2022-10-23,0.331470997257752,0.3311769354986145,-0.0010850084914996794,0.0013790702506371667
2022-10-24,0.3317826441855321,0.3327369304942267,-0.001325726679799326,0.00037144037110472964
2022-10-25,0.33209429111331223,0.3343655843500407,-0.0015682785133074968,-0.000703014723420981
2022-10-26,0.3324059380410924,0.3360628970660566,-0.001452612209149054,-0.0022043468158151032
2022-10-27,0.33271758496887255,0.3378172041864739,-0.0013387795501990877,-0.003760839667402238
2022-10-28,0.3330292318966527,0.33961684125549196,-0.0013465411563680033,-0.0052410682024712826
2022-10-29,0.33334087882443286,0.3414471261170892,-0.0013550876823151684,-0.006751159610341186
2022-10-30,0.333652525752213,0.34329337661524373,-0.0008588650522543809,-0.008781985810776355
2022-10-31,0.3339641726799931,0.3451555927499555,-0.0011505387989656144,-0.010040881270996763
2022-11-01,0.33427581960777325,0.3470337745212245,-0.0013772833511390779,-0.011380671562312197
2022-11-02,0.3345874665355534,0.3489279219290508,-0.0015980114903915315,-0.0127424439031059
2022-11-03,0.33489911346333356,0.3508380349734344,-0.0015712861703004134,-0.014367635339800431
2022-11-04,0.3352107603911137,0.3527641136543752,-0.0015385444372882262,-0.01601480882597329
2022-11-05,0.33881182805935217,0.3547061579718732,-0.0012529182142518832,-0.014641411698269161
2022-11-06,0.34241289572759065,0.3566641679259286,-0.000961275578294471,-0.013289996620043468
2022-11-07,0.34601396339582907,0.35863814351654116,-0.00069621803741394,-0.011927962083298152
2022-11-08,0.34961503106406755,0.36062808474371105,-0.0004251440836123177,-0.010587909596031186
2022-11-09,0.353216098732306,0.36263399160743814,-5.487647696104582e-05,-0.00936301639817107
2022-11-10,0.3568171664005445,0.36465586410772255,0.00032140754261125433,-0.008160105249789298
2022-11-11,0.360418234068783,0.3666937022445642,0.0004141657921284947,-0.006689633967909724
2022-11-12,0.36401930173702146,0.3687605956169285,0.0005129404545667338,-0.00525423433447375
2022-11-13,0.3676203694052599,0.37086963382378085,0.00029021865661899644,-0.003539483075139966
2022-11-14,0.37122143707349836,0.37304843972397145,7.167174766898397e-05,-0.0018986743981420702
2022-11-15,0.37482250474173684,0.3753246361763506,0.00013209633186978987,-0.0006342277664835405
2022-11-16,0.3784235724099753,0.3776982231809181,0.00019296932037764022,0.0005323799086795637
2022-11-17,0.3820246400782138,0.3801692007376741,0.00038931645988332176,0.0014661228806564
2022-11-18,0.3856257077464522,0.3827375688466185,0.0005842270429285968,0.002303911856905095
2022-11-19,0.3892267754146907,0.38540332750775147,0.0009929368430819732,0.002830511063857253
2022-11-20,0.3928278430829292,0.38816647672107285,0.00140021008677501,0.003261156275081313
2022-11-21,0.3950781523971602,0.39102701648658267,0.0016895138843296435,0.002361622026247898
2022-11-22,0.3973284617113913,0.3939849468042809,0.001977381125423956,0.001366133781686423
2022-11-23,0.39957877102562234,0.3970402676741677,0.0022520660564250236,0.00028643729502958936
2022-11-24,0.40182908033985343,0.4001929790962429,0.0025253144309656888,-0.0008892131873551672
2022-11-25,0.40407938965408446,0.4034430810705065,0.0022427833860008675,-0.0016064748024229294
2022-11-26,0.4063296989683155,0.4067905735969586,0.0019588157845756467,-0.0024196904132187287
2022-11-27,0.4085800082825466,0.4102354566755993,0.001582535550850893,-0.0032379839439035983
2022-11-28,0.4108303175967776,0.41374197573316246,0.0012048187606658292,-0.00411647689705066
2022-11-29,0.41308062691100866,0.4172743761963824,0.0009010166223757746,-0.005094765907749523
2022-11-30,0.41533093622523976,,0.001042245518860572,
2022-12-01,0.4175812455394708,,0.0006871261118034946,
2022-12-02,0.4198315548537018,,0.0003312446342404277,
2022-12-03,0.4220818641679329,,1.2689953574643401e-05,
2022-12-04,0.42433217348216395,,-0.00030769837229965716,
2022-12-05,0.42658248279639505,,-0.0005905568550709969,
2022-12-06,0.4288327921106261,,-0.0008752489830508647,
2022-12-07,0.4336244044390753,,-0.00097921191467102,
2022-12-08,0.4384160167675245,,-0.0010850084914996794,
2022-12-09,0.44320762909597367,,-0.001325726679799326,
2022-12-10,0.4479992414244229,,-0.0015682785133074968,
2022-12-11,0.4527908537528721,,-0.001452612209149054,
2022-12-12,0.45758246608132125,,-0.0013387795501990877,
2022-12-13,0.46237407840977046,,-0.0013465411563680033,
2022-12-14,0.4671656907382197,,-0.0013550876823151684,
2022-12-15,0.4719573030666689,,-0.0008588650522543809,
2022-12-16,0.4767489153951181,,-0.0011505387989656144,
2022-12-17,0.48154052772356726,,-0.0013772833511390779,
2022-12-18,0.48633214005201647,,-0.0015980114903915315,
2022-12-19,0.4911237523804657,,-0.0015712861703004134,
2022-12-20,0.49591536470891484,,-0.0015385444372882262,
2022-12-21,0.5007069770373641,,-0.0012529182142518832,
2022-12-22,0.5054985893658133,,-0.000961275578294471,
